role,description,value,package,mpn,manufacturer,lcsc,jlc_class,stock,unit_price_usd_q10,datasheet_url,notes
OLED,JST SH 1.0 mm 4 contactos SMD entrada lateral (Qwiic),4P,SMD RA 1.0 mm,SM04B-SRSS-TB(LF)(SN),JST,C160404,Extended,34671,0.2610,https://www.lcsc.com/datasheet/C160404.pdf,Genuino. 1 A por contacto (AWG28) segun JST. Altura 2.9 mm (atributo LCSC). Alternativa clon HCTL HC-1.0-4PWT C2845363 (108763 u; 0.0930) con huella propia
UM980_AUX,JST SH 1.0 mm 5 contactos SMD entrada lateral,5P,SMD RA 1.0 mm,SM05B-SRSS-TB(LF)(SN),JST,C136657,Extended,2754,0.3821,https://www.lcsc.com/datasheet/C136657.pdf,Genuino; precio del tramo 10-29 (0.4699 de 1 a 9). Alternativa HCTL HC-1.0-5PWT C2845364 (9673 u; 0.1013)
PANEL_UI,JST SH 1.0 mm 9 contactos SMD entrada lateral,9P,SMD RA 1.0 mm,SM09B-SRSS-TB(LF)(SN),JST,C160408,Extended,4132,0.3561,https://www.lcsc.com/datasheet/C160408.pdf,Genuino; tramo 10-29 (0.4439 de 1 a 9). Alternativas HCTL HC-1.0-9PWT C2845368 (4006 u; 0.1569) y SHOU HAN 1.0-9P WT C5340779 (3139 u; 0.0726)
PANEL_USBD,JST SH 1.0 mm 6 contactos SMD entrada lateral (opcional; sin montar si el panel queda con JST-XH),6P,SMD RA 1.0 mm,HC-1.0-6PWT,HCTL,C2845365,Extended,157669,0.1158,https://www.lcsc.com/datasheet/C2845365.pdf,Clon: el genuino SM06B-SRSS-TB C160405 tiene 0 existencias en JLC. Corriente del clon: JLC dice 1 A y jlcsearch 0.5 A; comprobar en su hoja. Huella distinta de la de JST
PANEL_PWR,JST PH 2.0 mm 4 contactos SMD entrada lateral (2 por polo),4P,SMD RA 2.0 mm,S4B-PH-SM4-TB(LF)(SN),JST,C265102,Extended,25288,0.3066,https://www.lcsc.com/datasheet/C265102.pdf,2 A por contacto con AWG24 segun JST: dos contactos por polo para ~2.2 A. Alternativa clon Megastar ZX-PH2.0-WT4P C7429691 (37337 u; 0.0597)
BATTERY,JST PH 2.0 mm 2 contactos SMD entrada lateral,2P,SMD RA 2.0 mm,S2B-PH-SM4-TB(LF)(SN),JST,C295747,Extended,18171,0.2364,https://www.lcsc.com/datasheet/C295747.pdf,2 A por contacto (AWG24). Polaridad del paquete a medir. Alternativa Megastar ZX-PH2.0-WT2P C7429689 (44379 u; 0.0436)
PANEL_CHARGE_HEADER,JST XH 2.5 mm 2 contactos vertical THT en la tapa del panel (ya en la mecanica V2.2; no va en la placa),2P,THT vertical 2.5 mm,B2B-XH-A(LF)(SN),JST,C158012,Extended,312313,0.0405,https://www.lcsc.com/datasheet/C158012.pdf,Referencia: lo que pide parameters.json panel.jst_xh. 3 A por contacto (AWG22). Precio del tramo 1-199. No existe S2B-XH-SM4-TB (JST solo hace SM4 de 3 4 y 6 contactos)
GNSS_RF,Receptaculo u.FL (IPEX MHF I) para el coaxial de la antena,u.FL,SMD,U.FL-R-SMT-1(10),Hirose,C88373,Extended,38375,0.2220,https://www.lcsc.com/datasheet/C88373.pdf,Genuino. Altura acoplada 1.9-2.4 mm segun el catalogo de Hirose. Alternativa clon Kinghelm KH-IPEX-K501-29 C411563 (372534 u; 0.0711)
USB_C,USB-C 16 contactos USB 2.0 SMD (programacion y carga en el canto inferior),16P,SMD RA,TYPE-C-31-M-12,Korean Hroparts Elec,C165948,Extended,424312,0.1857,https://www.lcsc.com/datasheet/C165948.pdf,No hay USB-C Basic en JLC. Alternativa SHOU HAN TYPE-C 16PIN 2MD(073) C2765186 (881981 u; 0.0743). 5.1 kOhm en CC1 y CC2 en la placa
MICROSD,Zocalo microSD de expulsion por empuje con deteccion,TF push-push,SMD,TF-015,SOFNG,C113206,Extended,24951,0.1770,https://www.lcsc.com/datasheet/C113206.pdf,No hay zocalo microSD Basic. Deteccion normalmente abierta que cierra CD contra la carcasa (GND) con tarjeta: CD sale LOW con tarjeta y el firmware espera HIGH: anadir un inversor (p. ej. MOSFET P) o cambiar sd_recorder.cpp. Alto 1.85 mm
MICROSD_ALT,Zocalo microSD de expulsion por empuje con interruptor de deteccion aislado,TF push-push,SMD,DM3AT-SF-PEJM5,Hirose,C114218,Extended,18264,1.1591,https://www.lcsc.com/datasheet/C114218.pdf,Interruptor normalmente abierto con sus propios terminales A y B: con A a 3V3 (1 kOhm) y B a GPIO48 con 100 kOhm a GND da HIGH con tarjeta sin tocar el firmware. Tramo 10-29 (1.3851 de 1 a 9). Alto 1.68 mm
BOOT_RESET,Pulsador tactil SMD 5.1 x 5.1 mm,TS 1.6 N,SMD-4P 5.1x5.1x1.5,TS-1187A-B-A-B,XKB Connection,C318884,Basic,469351,0.0205,https://www.lcsc.com/datasheet/C318884.pdf,Dos unidades (BOOT en GPIO0 y RESET en EN). Precio del tramo 1-199
BOOT_RESET_ALT,Pulsador tactil SMD 3.9 x 3.0 mm,TS 1.6 N,SMD 4x3x2,TS-1088-AR02016,XUNPU,C720477,Basic,780118,0.0522,https://www.lcsc.com/datasheet/C720477.pdf,Alternativa mas pequena; tambien Basic. Precio del tramo 1-99
IMU,Bosch BMI088 acelerometro + giroscopo 6 ejes,BMI088,LGA-16 3x4.5x0.95,BMI088,Bosch Sensortec,C194919,Extended,4482,6.0215,https://www.lcsc.com/datasheet/C194919.pdf,6.792 de 1 a 9. JLC: PCBA Type Standard Only y rayos X obligatorios. Se mantiene: existencias y precio razonables
IMU_ALT1,Bosch BMI270 6 ejes (alternativa solo si falta el BMI088),BMI270,LGA-14 2.5x3,BMI270,Bosch Sensortec,C2836813,Extended,3166,2.5637,https://www.lcsc.com/datasheet/C2836813.pdf,Mas barato pero pensado para ponibles; no tiene el diseno contra vibracion del BMI088. Ver constraints.md seccion 5
IMU_ALT2,ST ISM330DHCX 6 ejes industrial (alternativa),ISM330DHCX,LGA-14 2.5x3,ISM330DHCXTR,STMicroelectronics,C2655101,Extended,1532,4.9063,https://www.lcsc.com/datasheet/C2655101.pdf,Grado industrial hasta 105 C. ICM-42688-P (C1850418) cuesta 17.52 y se descarta; C54308212 es de marca Tokmas y no de TDK
MCU_MODULE,ESP32-S3-MINI-1-N4R2 (referencia; mismo modulo que la Thing Plus),N4R2,SMD 15.4x20.5x2.4 LGA,ESP32-S3-MINI-1-N4R2,Espressif Systems,C3013941,Extended,1888,4.4755,https://www.lcsc.com/datasheet/C3013941.pdf,4.9745 de 1 a 9. JLC: PCBA Type Standard Only y rayos X obligatorios
CHARGER,Cargador buck-boost 1-4S con I2C (referencia),BQ25792,QFN-29 4x4,BQ25792RQMR,Texas Instruments,C2862876,Extended,3164,1.7249,https://www.ti.com/lit/ds/symlink/bq25792.pdf,2.0305 de 1 a 9
FUEL_GAUGE,Medidor de bateria 1S I2C 0x36 (referencia),MAX17048,DFN-8-EP 2x2,MAX17048G+T10,Analog Devices/Maxim,C2682616,Extended,25188,1.9216,https://www.analog.com/media/en/technical-documentation/data-sheets/MAX17048-MAX17049.pdf,2.1735 de 1 a 9. Para 2S hace falta el MAX17049
GNSS_MODULE,Unicore UM980 (referencia; no lo vende LCSC),UM980,LGA-54 17.0x22.0x2.6,UM980,Unicore,C9900015354,Extended (encargo),no publicado,no publicado,https://en.unicore.com/products/um980/,No esta en LCSC. JLC solo tiene la ficha de encargo C9900015354 (Standard Only; rayos X; sin precio ni existencias publicados). DigiKey 5301-UM980TR-ND: 225 u y 188 USD por unidad en 5 (vendedor de marketplace con 50 USD de envio) el 04-10-2026; alternativa: consignarlo
